<?xml version="1.0" encoding="UTF-8"?>
<project-private xmlns="http://www.netbeans.org/ns/project-private/1">
    <editor-bookmarks xmlns="http://www.netbeans.org/ns/editor-bookmarks/2" lastBookmarkId="0"/>
    <open-files xmlns="http://www.netbeans.org/ns/projectui-open-files/2">
        <group>
            <file>file:/C:/Users/manue/OneDrive/Documentos/NetBeansProjects/EmailParser/build.xml</file>
            <file>file:/C:/Users/manue/OneDrive/Documentos/NetBeansProjects/EmailParser/OUT.txt</file>
            <file>file:/C:/Users/manue/OneDrive/Documentos/NetBeansProjects/EmailParser/src/emailparser/UniversityEmail.java</file>
            <file>file:/C:/Users/manue/OneDrive/Documentos/NetBeansProjects/EmailParser/src/emailparser/Email.java</file>
            <file>file:/C:/Users/manue/OneDrive/Documentos/NetBeansProjects/EmailParser/src/emailparser/Utils.java</file>
            <file>file:/C:/Users/manue/OneDrive/Documentos/NetBeansProjects/EmailParser/src/emailparser/EmailParser.java</file>
            <file>file:/C:/Users/manue/OneDrive/Documentos/NetBeansProjects/EmailParser/input.txt</file>
        </group>
    </open-files>
</project-private>
